
USE [CSGPortal]
GO
/* Pre execution - remove all values */

DELETE FROM ARTIFACT_TYPE
DELETE FROM ASSIGNMENT_TYPE
DELETE FROM CONTACT_TYPE
DELETE FROM EVENT_TYPE
DELETE FROM MENTOR_PROGRAM_TYPE
DELETE FROM MIND_ROLE
DELETE FROM ORG_ACTIVITY_TYPE
DELETE FROM PROFILE_TYPE
DELETE FROM PUBLICATION_TYPE
DELETE FROM TAG_ASSOCIATION
DELETE FROM TAG
DELETE FROM TAG_GROUP
DELETE FROM WORKUNIT_TYPE
DELETE FROM ORGANIZATION_GROUP

GO

/* Insert the lookup table values */
SET IDENTITY_INSERT ORGANIZATION_GROUP ON
INSERT INTO ORGANIZATION_GROUP(ORGANIZATION_GROUP_ID,NAME) VALUES(1,'BFSI');
SET IDENTITY_INSERT ORGANIZATION_GROUP OFF

INSERT INTO ARTIFACT_TYPE(ARTIFACT_TYPE_ID, NAME) VALUES (1, 'Document');	
INSERT INTO ARTIFACT_TYPE(ARTIFACT_TYPE_ID, NAME) VALUES (2, 'Archive');	
INSERT INTO ARTIFACT_TYPE(ARTIFACT_TYPE_ID, NAME) VALUES (3, 'URL');	
GO
	
INSERT INTO ASSIGNMENT_TYPE(ASSIGNMENT_TYPE_ID, NAME) VALUES (1, 'Customer Project');	
INSERT INTO ASSIGNMENT_TYPE(ASSIGNMENT_TYPE_ID, NAME) VALUES (2, 'Internal Project');	
INSERT INTO ASSIGNMENT_TYPE(ASSIGNMENT_TYPE_ID, NAME) VALUES (3, 'Proposal');	
GO

SET IDENTITY_INSERT CONTACT_TYPE ON
INSERT INTO CONTACT_TYPE(CONTACT_TYPE_ID, NAME) VALUES (1, 'Desk Phone');	
INSERT INTO CONTACT_TYPE(CONTACT_TYPE_ID, NAME) VALUES (2, 'Mobile Phone');	
INSERT INTO CONTACT_TYPE(CONTACT_TYPE_ID, NAME) VALUES (3, 'Home Phone');	
INSERT INTO CONTACT_TYPE(CONTACT_TYPE_ID, NAME) VALUES (4, 'Work Email');	
INSERT INTO CONTACT_TYPE(CONTACT_TYPE_ID, NAME) VALUES (5, 'Personal Email');	
SET IDENTITY_INSERT CONTACT_TYPE OFF	
GO

SET IDENTITY_INSERT EVENT_TYPE ON
INSERT INTO EVENT_TYPE(EVENT_TYPE_ID, NAME) VALUES (1, 'Osmosis');	
INSERT INTO EVENT_TYPE(EVENT_TYPE_ID, NAME) VALUES (2, 'Architecture Conclave');	
INSERT INTO EVENT_TYPE(EVENT_TYPE_ID, NAME) VALUES (3, 'Other External Event');	
INSERT INTO EVENT_TYPE(EVENT_TYPE_ID, NAME) VALUES (4, 'Other Internal Event');	
SET IDENTITY_INSERT EVENT_TYPE OFF
GO 

SET IDENTITY_INSERT MENTOR_PROGRAM_TYPE ON
INSERT INTO MENTOR_PROGRAM_TYPE(MENTOR_PROGRAM_TYPE_ID, NAME) VALUES (1, 'MCE');	
INSERT INTO MENTOR_PROGRAM_TYPE(MENTOR_PROGRAM_TYPE_ID, NAME) VALUES (2, 'MCSE');	
INSERT INTO MENTOR_PROGRAM_TYPE(MENTOR_PROGRAM_TYPE_ID, NAME) VALUES (3, 'MCML');	
INSERT INTO MENTOR_PROGRAM_TYPE(MENTOR_PROGRAM_TYPE_ID, NAME) VALUES (4, 'MCTL');	
INSERT INTO MENTOR_PROGRAM_TYPE(MENTOR_PROGRAM_TYPE_ID, NAME) VALUES (5, 'MCBA');	
INSERT INTO MENTOR_PROGRAM_TYPE(MENTOR_PROGRAM_TYPE_ID, NAME) VALUES (6, 'MCPM');	
SET IDENTITY_INSERT MENTOR_PROGRAM_TYPE OFF
GO


SET IDENTITY_INSERT ORG_ACTIVITY_TYPE ON
INSERT INTO ORG_ACTIVITY_TYPE(ORG_ACTIVITY_TYPE_ID, NAME) VALUES (1, 'TBD');	
-- INSERT INTO ORG_ACTIVITY_TYPE(ORG_ACTIVITY_TYPE_ID, NAME) VALUES (2, '');	
-- INSERT INTO ORG_ACTIVITY_TYPE(ORG_ACTIVITY_TYPE_ID, NAME) VALUES (3, '');	
SET IDENTITY_INSERT ORG_ACTIVITY_TYPE OFF
GO
	
SET IDENTITY_INSERT PROFILE_TYPE ON
INSERT INTO PROFILE_TYPE(PROFILE_TYPE_ID, NAME) VALUES (1, 'Master Profile');	
INSERT INTO PROFILE_TYPE(PROFILE_TYPE_ID, NAME) VALUES (2, 'Public Profile');	
INSERT INTO PROFILE_TYPE(PROFILE_TYPE_ID, NAME) VALUES (3, 'Private Profile');	
SET IDENTITY_INSERT PROFILE_TYPE OFF
GO

SET IDENTITY_INSERT PUBLICATION_TYPE ON
INSERT INTO PUBLICATION_TYPE(PUBLICATION_TYPE_ID, NAME) VALUES (1, 'External Publication');	
INSERT INTO PUBLICATION_TYPE(PUBLICATION_TYPE_ID, NAME) VALUES (2, 'Internal Publication');	
SET IDENTITY_INSERT PUBLICATION_TYPE OFF
GO

SET IDENTITY_INSERT TAG ON
INSERT INTO TAG(TAG_ID, NAME) VALUES (1, 'BFS');	
INSERT INTO TAG(TAG_ID, NAME) VALUES (2, 'Travel & Transportation');	
INSERT INTO TAG(TAG_ID, NAME) VALUES (3, 'Insurance');	
INSERT INTO TAG(TAG_ID, NAME) VALUES (4, 'SOA');	
INSERT INTO TAG(TAG_ID, NAME) VALUES (5, 'Java/JEE');	
INSERT INTO TAG(TAG_ID, NAME) VALUES (6, '.NET');	
INSERT INTO TAG(TAG_ID, NAME) VALUES (7, 'eclipse');	
INSERT INTO TAG(TAG_ID, NAME) VALUES (8, 'JPA');	
INSERT INTO TAG(TAG_ID, NAME) VALUES (9, 'JCR');	
INSERT INTO TAG(TAG_ID, NAME) VALUES (10, 'JSF');	
INSERT INTO TAG(TAG_ID, NAME) VALUES (11, 'Drools/Guvnor');	
INSERT INTO TAG(TAG_ID, NAME) VALUES (12, 'eclipselink');	
INSERT INTO TAG(TAG_ID, NAME) VALUES (13, 'Visual Studio .NET');	
-- INSERT INTO TAG(TAG_ID, NAME) VALUES (14, 'Drools/Guvnor');	
INSERT INTO TAG(TAG_ID, NAME) VALUES (14, 'MySQL');	
INSERT INTO TAG(TAG_ID, NAME) VALUES (15, 'HTML');	
INSERT INTO TAG(TAG_ID, NAME) VALUES (16, 'HTML5');	
INSERT INTO TAG(TAG_ID, NAME) VALUES (17, 'CSS');	
INSERT INTO TAG(TAG_ID, NAME) VALUES (18, 'CSS3');	
-- INSERT INTO TAG(TAG_ID, NAME) VALUES (20, 'MySQL');	
INSERT INTO TAG(TAG_ID, NAME) VALUES (19, 'Oracle DB');	
INSERT INTO TAG(TAG_ID, NAME) VALUES (20, 'Glassfish');	
INSERT INTO TAG(TAG_ID, NAME) VALUES (21, 'Apache/Tomcat');	
INSERT INTO TAG(TAG_ID, NAME) VALUES (22, 'WebSphere');	
SET IDENTITY_INSERT TAG OFF
GO

SET IDENTITY_INSERT TAG_GROUP ON
INSERT INTO TAG_GROUP(TAG_GROUP_ID, NAME) VALUES (1, 'Domain');	
INSERT INTO TAG_GROUP(TAG_GROUP_ID, NAME) VALUES (2, 'Business Domain');	UPDATE TAG_GROUP SET PARENT_TAG_GROUP_ID=1 WHERE TAG_GROUP_ID=2;
INSERT INTO TAG_GROUP(TAG_GROUP_ID, NAME) VALUES (3, 'Architecture Domain');	UPDATE TAG_GROUP SET PARENT_TAG_GROUP_ID=1 WHERE TAG_GROUP_ID=3;
INSERT INTO TAG_GROUP(TAG_GROUP_ID, NAME) VALUES (4, 'Technical Domain');	UPDATE TAG_GROUP SET PARENT_TAG_GROUP_ID=1 WHERE TAG_GROUP_ID=4;
INSERT INTO TAG_GROUP(TAG_GROUP_ID, NAME) VALUES (5, 'Skills');	
INSERT INTO TAG_GROUP(TAG_GROUP_ID, NAME) VALUES (6, 'Java');	UPDATE TAG_GROUP SET PARENT_TAG_GROUP_ID=5 WHERE TAG_GROUP_ID=6;
INSERT INTO TAG_GROUP(TAG_GROUP_ID, NAME) VALUES (7, '.NET');	UPDATE TAG_GROUP SET PARENT_TAG_GROUP_ID=5 WHERE TAG_GROUP_ID=7;
INSERT INTO TAG_GROUP(TAG_GROUP_ID, NAME) VALUES (8, 'Open source');	UPDATE TAG_GROUP SET PARENT_TAG_GROUP_ID=5 WHERE TAG_GROUP_ID=8;
INSERT INTO TAG_GROUP(TAG_GROUP_ID, NAME) VALUES (9, 'Web');	UPDATE TAG_GROUP SET PARENT_TAG_GROUP_ID=5 WHERE TAG_GROUP_ID=9;
INSERT INTO TAG_GROUP(TAG_GROUP_ID, NAME) VALUES (10, 'DB');	UPDATE TAG_GROUP SET PARENT_TAG_GROUP_ID=5 WHERE TAG_GROUP_ID=10;
INSERT INTO TAG_GROUP(TAG_GROUP_ID, NAME) VALUES (11, 'Web Servers');	UPDATE TAG_GROUP SET PARENT_TAG_GROUP_ID=5 WHERE TAG_GROUP_ID=11;
SET IDENTITY_INSERT TAG_GROUP OFF
GO



SET IDENTITY_INSERT MIND_ROLE ON
INSERT INTO MIND_ROLE(MIND_ROLE_ID, ROLE_NAME) VALUES (1, 'Architect');	
INSERT INTO MIND_ROLE(MIND_ROLE_ID, ROLE_NAME) VALUES (2, 'CSG Manager');	
INSERT INTO MIND_ROLE(MIND_ROLE_ID, ROLE_NAME) VALUES (3, 'Operations');	
SET IDENTITY_INSERT MIND_ROLE OFF
GO

INSERT INTO TAG_ASSOCIATION(TAG_ID, TAG_GROUP_ID) VALUES (1, 2);
INSERT INTO TAG_ASSOCIATION(TAG_ID, TAG_GROUP_ID) VALUES (2, 2);
INSERT INTO TAG_ASSOCIATION(TAG_ID, TAG_GROUP_ID) VALUES (3, 2);
INSERT INTO TAG_ASSOCIATION(TAG_ID, TAG_GROUP_ID) VALUES (4, 3);
INSERT INTO TAG_ASSOCIATION(TAG_ID, TAG_GROUP_ID) VALUES (5, 4);
INSERT INTO TAG_ASSOCIATION(TAG_ID, TAG_GROUP_ID) VALUES (6, 4);
INSERT INTO TAG_ASSOCIATION(TAG_ID, TAG_GROUP_ID) VALUES (7, 6);
INSERT INTO TAG_ASSOCIATION(TAG_ID, TAG_GROUP_ID) VALUES (8, 6);
INSERT INTO TAG_ASSOCIATION(TAG_ID, TAG_GROUP_ID) VALUES (9, 6);
INSERT INTO TAG_ASSOCIATION(TAG_ID, TAG_GROUP_ID) VALUES (10, 6);
INSERT INTO TAG_ASSOCIATION(TAG_ID, TAG_GROUP_ID) VALUES (11, 6);
INSERT INTO TAG_ASSOCIATION(TAG_ID, TAG_GROUP_ID) VALUES (11, 8);
INSERT INTO TAG_ASSOCIATION(TAG_ID, TAG_GROUP_ID) VALUES (12, 6);
INSERT INTO TAG_ASSOCIATION(TAG_ID, TAG_GROUP_ID) VALUES (13, 7);
INSERT INTO TAG_ASSOCIATION(TAG_ID, TAG_GROUP_ID) VALUES (14, 8);
INSERT INTO TAG_ASSOCIATION(TAG_ID, TAG_GROUP_ID) VALUES (14, 10);
INSERT INTO TAG_ASSOCIATION(TAG_ID, TAG_GROUP_ID) VALUES (15, 9);
INSERT INTO TAG_ASSOCIATION(TAG_ID, TAG_GROUP_ID) VALUES (16, 9);
INSERT INTO TAG_ASSOCIATION(TAG_ID, TAG_GROUP_ID) VALUES (17, 9);
INSERT INTO TAG_ASSOCIATION(TAG_ID, TAG_GROUP_ID) VALUES (18, 9);
INSERT INTO TAG_ASSOCIATION(TAG_ID, TAG_GROUP_ID) VALUES (19, 10);
INSERT INTO TAG_ASSOCIATION(TAG_ID, TAG_GROUP_ID) VALUES (20, 11);
INSERT INTO TAG_ASSOCIATION(TAG_ID, TAG_GROUP_ID) VALUES (21, 11);
INSERT INTO TAG_ASSOCIATION(TAG_ID, TAG_GROUP_ID) VALUES (22, 11);

GO

INSERT INTO WORKUNIT_TYPE(WORK_UNIT_TYPE,TYPE_TEXT) VALUES(1,'Assignment');
INSERT INTO WORKUNIT_TYPE(WORK_UNIT_TYPE,TYPE_TEXT) VALUES(2,'Publication');
INSERT INTO WORKUNIT_TYPE(WORK_UNIT_TYPE,TYPE_TEXT) VALUES(3,'Org Activity');
INSERT INTO WORKUNIT_TYPE(WORK_UNIT_TYPE,TYPE_TEXT) VALUES(4,'Event');
INSERT INTO WORKUNIT_TYPE(WORK_UNIT_TYPE,TYPE_TEXT) VALUES(5,'Mentoring');

GO
/* post data execution */

SELECT * FROM ARTIFACT_TYPE
SELECT * FROM ASSIGNMENT_TYPE
SELECT * FROM CONTACT_TYPE
SELECT * FROM EVENT_TYPE
SELECT * FROM MENTOR_PROGRAM_TYPE
SELECT * FROM MIND_ROLE
SELECT * FROM ORG_ACTIVITY_TYPE
SELECT * FROM PROFILE_TYPE
SELECT * FROM PUBLICATION_TYPE
SELECT * FROM TAG
SELECT * FROM TAG_GROUP
SELECT * FROM TAG_ASSOCIATION
SELECT * FROM WORKUNIT_TYPE
GO

